Age,Income,StudyHours,Spending,WorkHours
26.0,2203.0,20.0,1538.0,19.0
25.0,2700.0,12.0,1371.0,27.0
27.0,3003.0,15.0,1537.0,17.0
30.0,3023.0,13.0,1663.0,16.0
24.0,2775.0,13.0,1515.0,18.0
24.0,3311.0,13.0,1512.0,15.0
30.0,2466.0,16.0,1289.0,21.0
27.0,2929.0,13.0,1301.0,28.0
24.0,3060.0,21.0,1079.0,22.0
27.0,3257.0,11.0,2025.0,19.0
24.0,3356.0,14.0,1127.0,19.0
24.0,2438.0,13.0,1292.0,12.0
26.0,2233.0,22.0,1284.0,24.0
19.0,3639.0,16.0,1768.0,20.0
20.0,3166.0,20.0,1412.0,19.0
23.0,2626.0,8.0,1874.0,36.0
22.0,3776.0,16.0,1298.0,21.0
26.0,3058.0,19.0,1584.0,16.0
22.0,3590.0,15.0,1249.0,18.0
21.0,3034.0,20.0,2144.0,26.0
29.0,4030.0,12.0,1144.0,21.0
24.0,3878.0,22.0,1593.0,13.0
25.0,2876.0,26.0,1690.0,25.0
21.0,3486.0,13.0,1624.0,17.0
23.0,3323.0,13.0,1444.0,29.0
25.0,3684.0,22.0,1461.0,25.0
22.0,2518.0,23.0,1513.0,18.0
26.0,3343.0,12.0,1456.0,26.0
23.0,3529.0,13.0,1789.0,20.0
24.0,2121.0,14.0,2163.0,24.0
23.0,2408.0,8.0,1333.0,22.0
31.0,1980.0,10.0,1089.0,16.0
25.0,2865.0,10.0,1474.0,17.0
22.0,3359.0,11.0,2274.0,25.0
27.0,3751.0,15.0,1259.0,18.0
21.0,3037.0,16.0,1992.0,18.0
26.0,3814.0,23.0,2003.0,15.0
19.0,2310.0,10.0,1334.0,22.0
21.0,2148.0,20.0,1671.0,30.0
26.0,2972.0,14.0,1989.0,15.0
27.0,3192.0,15.0,1386.0,20.0
26.0,2984.0,18.0,1439.0,27.0
25.0,1966.0,9.0,1325.0,20.0
24.0,2955.0,17.0,1196.0,22.0
21.0,2348.0,16.0,1305.0,15.0
23.0,3335.0,17.0,1133.0,22.0
24.0,3183.0,16.0,1510.0,19.0
28.0,2530.0,27.0,1269.0,25.0
26.0,2743.0,12.0,1570.0,26.0
20.0,2470.0,12.0,1033.0,33.0
26.0,2969.0,12.0,1599.0,23.0
24.0,3478.0,12.0,1750.0,22.0
23.0,2507.0,12.0,902.0,21.0
27.0,3252.0,21.0,1612.0,18.0
28.0,2735.0,22.0,1868.0,22.0
28.0,2604.0,12.0,1137.0,19.0
22.0,2946.0,11.0,2002.0,21.0
24.0,2482.0,17.0,1626.0,27.0
26.0,2723.0,12.0,1288.0,15.0
28.0,2401.0,18.0,1483.0,26.0
24.0,3982.0,16.0,1667.0,27.0
24.0,3018.0,7.0,1523.0,19.0
22.0,2650.0,23.0,1662.0,9.0
21.0,3107.0,24.0,1224.0,17.0
27.0,2944.0,12.0,1551.0,26.0
29.0,2890.0,13.0,1076.0,20.0
25.0,3307.0,16.0,1467.0,15.0
28.0,3379.0,17.0,1229.0,17.0
26.0,2735.0,18.0,1279.0,24.0
23.0,2712.0,25.0,1871.0,23.0
26.0,2862.0,14.0,1827.0,19.0
30.0,1849.0,11.0,1683.0,18.0
25.0,2242.0,8.0,1172.0,18.0
30.0,3683.0,11.0,1405.0,15.0
17.0,3822.0,15.0,1864.0,28.0
27.0,2875.0,24.0,1543.0,18.0
25.0,3288.0,12.0,2196.0,26.0
24.0,3156.0,16.0,1618.0,28.0
25.0,4539.0,15.0,1558.0,25.0
19.0,3560.0,21.0,1407.0,18.0
24.0,2936.0,28.0,1540.0,22.0
26.0,2522.0,12.0,1454.0,20.0
29.0,2197.0,13.0,1712.0,15.0
23.0,3102.0,20.0,1787.0,22.0
23.0,2622.0,18.0,1264.0,14.0
23.0,2289.0,24.0,1101.0,26.0
28.0,2677.0,18.0,949.0,18.0
26.0,2459.0,13.0,1652.0,21.0
23.0,3844.0,18.0,1169.0,21.0
27.0,3441.0,21.0,854.0,19.0
25.0,2996.0,19.0,1617.0,23.0
28.0,3740.0,18.0,2248.0,18.0
23.0,3039.0,20.0,1498.0,24.0
24.0,2569.0,21.0,1752.0,13.0
24.0,3762.0,22.0,1525.0,21.0
21.0,3269.0,18.0,1470.0,30.0
26.0,2481.0,14.0,1776.0,15.0
26.0,2905.0,16.0,1413.0,17.0
25.0,2562.0,21.0,1580.0,23.0
24.0,2309.0,11.0,1597.0,21.0
21.0,3463.0,17.0,1300.0,22.0
24.0,3955.0,13.0,1798.0,22.0
24.0,2301.0,15.0,1448.0,23.0
23.0,3281.0,21.0,1273.0,26.0
25.0,2675.0,16.0,1661.0,22.0
26.0,2756.0,15.0,1230.0,19.0
31.0,2704.0,8.0,1508.0,23.0
26.0,2568.0,19.0,1497.0,29.0
26.0,3024.0,18.0,1826.0,19.0
25.0,2585.0,26.0,1642.0,15.0
19.0,3135.0,13.0,1492.0,26.0
25.0,2975.0,16.0,1745.0,19.0
25.0,2881.0,16.0,1917.0,9.0
32.0,2546.0,23.0,1667.0,24.0
24.0,2712.0,15.0,1503.0,17.0
26.0,3378.0,16.0,1106.0,20.0
25.0,3250.0,18.0,1180.0,22.0
21.0,2511.0,16.0,1408.0,21.0
28.0,3050.0,13.0,1317.0,24.0
27.0,3376.0,16.0,1444.0,18.0
27.0,2165.0,20.0,1517.0,23.0
22.0,3272.0,10.0,1659.0,19.0
29.0,2669.0,16.0,1479.0,24.0
21.0,3285.0,11.0,1646.0,23.0
27.0,2618.0,21.0,1519.0,15.0
32.0,2098.0,7.0,907.0,25.0
22.0,2186.0,12.0,1218.0,17.0
23.0,3024.0,17.0,1457.0,24.0
25.0,3130.0,23.0,1137.0,22.0
23.0,2548.0,15.0,1680.0,29.0
20.0,3319.0,12.0,1959.0,19.0
25.0,2169.0,24.0,1866.0,18.0
22.0,2967.0,8.0,1436.0,20.0
26.0,2394.0,4.0,1947.0,18.0
22.0,2674.0,17.0,1545.0,24.0
30.0,3024.0,12.0,1399.0,12.0
23.0,2570.0,10.0,1316.0,15.0
24.0,2808.0,19.0,1409.0,15.0
27.0,3503.0,16.0,1384.0,25.0
21.0,2712.0,12.0,1551.0,29.0
26.0,3418.0,9.0,1548.0,19.0
29.0,2435.0,19.0,1501.0,19.0
20.0,3265.0,18.0,1631.0,20.0
26.0,3721.0,15.0,1857.0,26.0
26.0,1764.0,24.0,1785.0,15.0
27.0,2602.0,10.0,1055.0,21.0
21.0,3289.0,7.0,734.0,25.0
21.0,2898.0,12.0,1780.0,23.0
27.0,3186.0,15.0,1090.0,21.0
26.0,2698.0,16.0,1433.0,25.0
26.0,3043.0,14.0,1149.0,6.0
26.0,2922.0,17.0,959.0,23.0
23.0,3584.0,9.0,1662.0,17.0
26.0,3127.0,22.0,1728.0,11.0
26.0,3169.0,15.0,1327.0,23.0
23.0,2794.0,21.0,723.0,27.0
31.0,2756.0,17.0,1336.0,19.0
26.0,2784.0,17.0,1618.0,25.0
21.0,3197.0,18.0,1056.0,28.0
27.0,2790.0,17.0,1555.0,27.0
22.0,3145.0,18.0,1495.0,28.0
27.0,4038.0,22.0,1674.0,24.0
28.0,3436.0,16.0,1536.0,20.0
23.0,2837.0,19.0,1208.0,12.0
28.0,3601.0,15.0,1859.0,19.0
26.0,2796.0,22.0,1452.0,16.0
27.0,1981.0,12.0,1492.0,31.0
31.0,2496.0,24.0,1220.0,19.0
24.0,2065.0,15.0,1367.0,21.0
23.0,2824.0,8.0,1235.0,23.0
22.0,3009.0,16.0,1448.0,20.0
23.0,3838.0,12.0,2014.0,28.0
25.0,3163.0,19.0,1088.0,17.0
26.0,2890.0,12.0,1016.0,21.0
26.0,3415.0,13.0,1941.0,16.0
27.0,1894.0,6.0,1437.0,13.0
25.0,3118.0,13.0,1299.0,17.0
29.0,3385.0,3.0,1812.0,20.0
24.0,2261.0,7.0,1318.0,18.0
33.0,3572.0,19.0,2048.0,17.0
27.0,3169.0,19.0,1703.0,13.0
22.0,2792.0,17.0,1354.0,20.0
22.0,3316.0,10.0,2147.0,12.0
26.0,4135.0,15.0,1318.0,24.0
24.0,3091.0,15.0,1723.0,20.0
27.0,3124.0,9.0,1590.0,13.0
26.0,2770.0,23.0,1891.0,18.0
25.0,2575.0,19.0,1968.0,16.0
22.0,3415.0,14.0,1510.0,22.0
20.0,2572.0,15.0,1274.0,27.0
24.0,3036.0,16.0,1638.0,11.0
28.0,2761.0,5.0,1297.0,21.0
26.0,3239.0,14.0,2104.0,19.0
21.0,3167.0,12.0,1541.0,23.0
26.0,3519.0,10.0,1390.0,21.0
26.0,2745.0,14.0,1555.0,16.0
22.0,2865.0,24.0,1096.0,18.0
25.0,2511.0,18.0,1209.0,16.0
25.0,2778.0,12.0,1860.0,25.0
22.0,3189.0,18.0,1303.0,20.0
26.0,3378.0,22.0,1186.0,30.0
27.0,2539.0,20.0,1661.0,20.0
28.0,3435.0,15.0,1856.0,16.0
28.0,3678.0,12.0,1716.0,12.0
21.0,3207.0,18.0,1799.0,11.0
22.0,3938.0,17.0,1273.0,12.0
27.0,2613.0,19.0,1073.0,21.0
27.0,2378.0,18.0,1950.0,23.0
27.0,2111.0,20.0,1403.0,12.0
37.0,3748.0,12.0,1425.0,24.0
27.0,3327.0,22.0,1898.0,18.0
28.0,2972.0,16.0,1667.0,21.0
28.0,3140.0,25.0,1637.0,28.0
27.0,2437.0,12.0,2150.0,24.0
24.0,4223.0,24.0,1307.0,19.0
27.0,3065.0,16.0,1778.0,16.0
23.0,3055.0,12.0,1517.0,9.0
24.0,3363.0,13.0,1581.0,16.0
24.0,3241.0,13.0,1959.0,19.0
25.0,3112.0,17.0,1652.0,15.0
32.0,2605.0,18.0,1661.0,19.0
19.0,3236.0,12.0,1822.0,20.0
27.0,3941.0,15.0,1391.0,19.0
20.0,3673.0,26.0,1248.0,17.0
24.0,3797.0,24.0,1187.0,21.0
28.0,2744.0,17.0,910.0,22.0
25.0,2505.0,15.0,2117.0,15.0
22.0,2937.0,16.0,1169.0,27.0
23.0,3028.0,18.0,1434.0,20.0
27.0,3547.0,10.0,1417.0,20.0
23.0,2154.0,14.0,1592.0,24.0
26.0,3765.0,7.0,1745.0,21.0
25.0,2921.0,17.0,1758.0,25.0
23.0,2787.0,18.0,1325.0,21.0
31.0,2494.0,13.0,1450.0,17.0
27.0,2173.0,23.0,1585.0,22.0
19.0,3412.0,9.0,1425.0,14.0
26.0,3037.0,8.0,1982.0,21.0
23.0,2355.0,16.0,1647.0,20.0
28.0,2352.0,20.0,1720.0,19.0
23.0,2832.0,23.0,1699.0,19.0
25.0,3835.0,13.0,1852.0,11.0
27.0,2870.0,20.0,1554.0,17.0
28.0,2248.0,15.0,1111.0,20.0
21.0,2877.0,14.0,1620.0,21.0
24.0,2864.0,19.0,1305.0,15.0
24.0,1652.0,18.0,1341.0,26.0
23.0,2973.0,7.0,1676.0,16.0
30.0,2885.0,22.0,1871.0,25.0
26.0,3348.0,22.0,1506.0,22.0
21.0,3924.0,12.0,1593.0,17.0
28.0,3563.0,17.0,2011.0,29.0
31.0,2866.0,17.0,1572.0,14.0
28.0,2447.0,16.0,2281.0,25.0
20.0,4287.0,12.0,1670.0,25.0
24.0,3030.0,12.0,972.0,17.0
29.0,3007.0,15.0,1726.0,27.0
23.0,2988.0,21.0,1614.0,19.0
26.0,3099.0,18.0,1887.0,21.0
27.0,2928.0,13.0,1702.0,21.0
22.0,2713.0,19.0,1458.0,19.0
25.0,2727.0,1.0,1133.0,24.0
15.0,2984.0,21.0,1437.0,24.0
22.0,2728.0,6.0,1245.0,11.0
24.0,2644.0,13.0,1326.0,27.0
21.0,3053.0,9.0,1677.0,12.0
30.0,2873.0,9.0,2001.0,25.0
21.0,3752.0,21.0,1618.0,26.0
24.0,1675.0,13.0,1141.0,15.0
25.0,3546.0,17.0,1633.0,18.0
29.0,3623.0,15.0,1859.0,14.0
21.0,1963.0,17.0,1317.0,19.0
28.0,2829.0,15.0,1460.0,18.0
25.0,2814.0,9.0,1504.0,24.0
22.0,2296.0,20.0,1265.0,27.0
26.0,2611.0,13.0,1694.0,27.0
26.0,2445.0,7.0,1464.0,17.0
23.0,3876.0,13.0,1626.0,19.0
25.0,3468.0,23.0,1234.0,12.0
24.0,3636.0,19.0,1369.0,16.0
25.0,3361.0,13.0,1717.0,25.0
27.0,2435.0,13.0,1388.0,28.0
30.0,2738.0,13.0,2018.0,14.0
21.0,3245.0,25.0,1380.0,17.0
31.0,2389.0,17.0,1567.0,20.0
19.0,3356.0,17.0,1780.0,21.0
25.0,2880.0,20.0,1074.0,16.0
27.0,2813.0,16.0,972.0,22.0
26.0,3355.0,14.0,1042.0,18.0
23.0,3222.0,14.0,1879.0,20.0
24.0,2820.0,15.0,1334.0,23.0
24.0,3580.0,15.0,2267.0,20.0
23.0,2459.0,19.0,1331.0,18.0
28.0,3308.0,15.0,1555.0,19.0
26.0,3297.0,19.0,1963.0,20.0
23.0,2845.0,15.0,2102.0,18.0
28.0,3163.0,15.0,2118.0,19.0
26.0,2374.0,5.0,1863.0,28.0
27.0,3462.0,20.0,1807.0,23.0
27.0,2908.0,17.0,1678.0,19.0
23.0,2739.0,20.0,1734.0,23.0
23.0,3525.0,1.0,1335.0,18.0
27.0,2648.0,25.0,1255.0,26.0
27.0,2296.0,14.0,1499.0,22.0
25.0,2222.0,21.0,1449.0,19.0
25.0,3303.0,10.0,1364.0,22.0
29.0,2360.0,18.0,1709.0,12.0
23.0,3877.0,10.0,1787.0,14.0
27.0,1959.0,12.0,1527.0,14.0
24.0,3848.0,25.0,1943.0,21.0
24.0,3106.0,14.0,1157.0,29.0
28.0,2952.0,16.0,1442.0,31.0
27.0,2728.0,19.0,1285.0,23.0
27.0,3200.0,17.0,940.0,23.0
29.0,2981.0,16.0,1475.0,11.0
25.0,3552.0,17.0,1463.0,17.0
27.0,3057.0,27.0,1954.0,16.0
24.0,3075.0,15.0,1689.0,17.0
26.0,2818.0,16.0,1193.0,19.0
25.0,2972.0,20.0,2056.0,18.0
25.0,3154.0,21.0,1866.0,10.0
27.0,2145.0,21.0,1675.0,24.0
23.0,2326.0,18.0,1432.0,15.0
31.0,3372.0,9.0,1212.0,21.0
22.0,3085.0,23.0,1388.0,30.0
21.0,2908.0,9.0,1827.0,15.0
28.0,3009.0,17.0,2065.0,7.0
27.0,3174.0,11.0,1963.0,19.0
27.0,2730.0,15.0,1353.0,26.0
27.0,2611.0,17.0,1164.0,30.0
25.0,3098.0,17.0,1542.0,14.0
22.0,2511.0,17.0,969.0,22.0
25.0,3204.0,23.0,1597.0,18.0
23.0,2149.0,17.0,1456.0,19.0
28.0,3515.0,14.0,1360.0,33.0
25.0,3236.0,20.0,1022.0,12.0
23.0,3128.0,21.0,1654.0,21.0
24.0,3491.0,9.0,1340.0,22.0
26.0,3833.0,18.0,1149.0,25.0
23.0,3507.0,19.0,638.0,20.0
23.0,2080.0,14.0,1492.0,22.0
26.0,2360.0,22.0,2032.0,18.0
26.0,2688.0,14.0,1998.0,21.0
23.0,3013.0,16.0,1363.0,18.0
24.0,3259.0,14.0,1319.0,23.0
26.0,2637.0,15.0,1641.0,18.0
21.0,3093.0,10.0,1200.0,22.0
21.0,2622.0,8.0,1591.0,20.0
23.0,2694.0,23.0,1730.0,26.0
24.0,2297.0,11.0,1868.0,20.0
26.0,2538.0,10.0,1470.0,11.0
29.0,2324.0,4.0,1439.0,26.0
28.0,2512.0,12.0,1237.0,15.0
25.0,3527.0,8.0,1252.0,17.0
25.0,2525.0,23.0,1432.0,17.0
22.0,4316.0,20.0,1610.0,27.0
25.0,3247.0,12.0,1774.0,9.0
24.0,3092.0,26.0,1259.0,36.0
26.0,2571.0,20.0,1948.0,25.0
23.0,3350.0,13.0,1419.0,21.0
27.0,2712.0,3.0,1494.0,20.0
30.0,3061.0,26.0,1276.0,21.0
25.0,4280.0,8.0,773.0,23.0
26.0,2952.0,7.0,1765.0,23.0
27.0,3575.0,20.0,1721.0,23.0
24.0,2648.0,27.0,1416.0,20.0
26.0,2983.0,22.0,1520.0,19.0
25.0,3885.0,18.0,1655.0,19.0
25.0,2687.0,18.0,1031.0,19.0
23.0,3906.0,19.0,1341.0,26.0
25.0,3354.0,19.0,1738.0,23.0
26.0,2719.0,16.0,1124.0,5.0
29.0,3316.0,16.0,1588.0,23.0
28.0,3486.0,15.0,1093.0,21.0
31.0,3311.0,11.0,1640.0,20.0
23.0,2215.0,14.0,1489.0,18.0
28.0,2636.0,7.0,1015.0,26.0
26.0,2876.0,15.0,1849.0,25.0
32.0,2963.0,10.0,1280.0,16.0
23.0,3310.0,9.0,1257.0,22.0
22.0,3089.0,16.0,1560.0,15.0
23.0,2332.0,22.0,1845.0,13.0
19.0,3190.0,20.0,1195.0,17.0
23.0,3305.0,7.0,1519.0,24.0
23.0,3280.0,10.0,1629.0,25.0
25.0,3540.0,20.0,1708.0,23.0
26.0,3417.0,10.0,1553.0,24.0
31.0,3230.0,14.0,1390.0,23.0
28.0,2965.0,18.0,1252.0,17.0
23.0,2170.0,10.0,1526.0,22.0
22.0,3215.0,16.0,1178.0,24.0
26.0,3104.0,8.0,624.0,24.0
21.0,3136.0,12.0,1631.0,26.0
30.0,2362.0,17.0,1771.0,24.0
29.0,2459.0,7.0,791.0,22.0
24.0,3527.0,17.0,1197.0,25.0
20.0,2980.0,15.0,1686.0,20.0
29.0,3341.0,18.0,2117.0,16.0
25.0,3014.0,16.0,1506.0,19.0
29.0,3015.0,22.0,1282.0,16.0
37.0,6278.0,11.0,4148.0,31.0
39.0,7177.0,18.0,4340.0,31.0
37.0,6453.0,11.0,4178.0,45.0
39.0,6728.0,7.0,5023.0,35.0
32.0,8673.0,10.0,3238.0,39.0
41.0,8340.0,5.0,3458.0,31.0
40.0,5700.0,10.0,3382.0,31.0
37.0,7830.0,8.0,4664.0,40.0
43.0,7811.0,13.0,4720.0,28.0
44.0,5852.0,8.0,4361.0,33.0
34.0,7819.0,10.0,4947.0,35.0
37.0,8538.0,8.0,3058.0,36.0
37.0,5877.0,15.0,5334.0,34.0
36.0,6082.0,9.0,5219.0,37.0
43.0,8018.0,15.0,4588.0,38.0
39.0,7271.0,12.0,5425.0,39.0
39.0,7551.0,11.0,2675.0,30.0
32.0,7341.0,11.0,3580.0,34.0
43.0,7391.0,11.0,3412.0,41.0
35.0,5674.0,4.0,4577.0,39.0
40.0,8047.0,9.0,3160.0,28.0
41.0,8170.0,13.0,4606.0,37.0
45.0,6771.0,10.0,5096.0,25.0
35.0,6957.0,6.0,4556.0,35.0
28.0,5469.0,10.0,4227.0,44.0
41.0,7514.0,15.0,3210.0,30.0
47.0,7572.0,14.0,3323.0,31.0
45.0,6938.0,10.0,5000.0,39.0
41.0,8124.0,13.0,4623.0,27.0
38.0,6666.0,9.0,3969.0,32.0
43.0,7565.0,5.0,3666.0,38.0
36.0,5980.0,7.0,2379.0,32.0
42.0,6976.0,15.0,3143.0,34.0
42.0,6826.0,9.0,5529.0,39.0
44.0,7225.0,9.0,2976.0,37.0
51.0,6630.0,9.0,4152.0,36.0
42.0,6869.0,16.0,4806.0,33.0
38.0,7826.0,15.0,2996.0,37.0
40.0,6563.0,17.0,4148.0,34.0
33.0,5393.0,10.0,4750.0,37.0
37.0,8750.0,11.0,4010.0,33.0
38.0,8381.0,5.0,6295.0,34.0
38.0,5708.0,14.0,2665.0,30.0
41.0,7690.0,6.0,4847.0,35.0
37.0,6497.0,11.0,3862.0,31.0
44.0,7263.0,7.0,4618.0,29.0
40.0,7294.0,8.0,4353.0,36.0
40.0,6766.0,7.0,3413.0,36.0
39.0,6216.0,8.0,4183.0,39.0
41.0,6309.0,8.0,2514.0,33.0
43.0,6084.0,8.0,4483.0,37.0
37.0,6168.0,13.0,4239.0,38.0
37.0,6933.0,7.0,4511.0,37.0
39.0,6284.0,11.0,4846.0,31.0
35.0,7682.0,14.0,4294.0,36.0
37.0,8487.0,8.0,4118.0,37.0
38.0,6420.0,8.0,3295.0,35.0
43.0,7239.0,9.0,3430.0,25.0
41.0,7500.0,14.0,4949.0,36.0
41.0,7472.0,11.0,5149.0,46.0
43.0,7076.0,8.0,3810.0,33.0
39.0,7743.0,11.0,4037.0,31.0
42.0,7482.0,7.0,3276.0,37.0
40.0,5762.0,12.0,4938.0,37.0
41.0,7869.0,11.0,4532.0,41.0
38.0,7887.0,9.0,5553.0,29.0
30.0,6237.0,7.0,3297.0,39.0
39.0,7038.0,7.0,3698.0,38.0
46.0,7683.0,12.0,4185.0,34.0
44.0,6791.0,14.0,4517.0,37.0
44.0,8073.0,8.0,3827.0,40.0
45.0,9364.0,11.0,3302.0,39.0
40.0,6214.0,4.0,4705.0,29.0
41.0,5619.0,8.0,4577.0,39.0
38.0,7304.0,10.0,3267.0,35.0
39.0,7722.0,7.0,5084.0,35.0
42.0,6769.0,7.0,4936.0,35.0
45.0,8453.0,8.0,4107.0,34.0
39.0,5661.0,11.0,4064.0,41.0
38.0,7693.0,9.0,4443.0,35.0
40.0,6394.0,3.0,3311.0,29.0
42.0,8719.0,4.0,4024.0,33.0
34.0,8993.0,8.0,2278.0,36.0
31.0,6233.0,11.0,4701.0,41.0
38.0,6450.0,2.0,2751.0,38.0
35.0,7860.0,9.0,5203.0,31.0
38.0,6613.0,8.0,3736.0,47.0
39.0,6955.0,14.0,3831.0,36.0
38.0,7025.0,9.0,3498.0,41.0
46.0,5080.0,11.0,3770.0,34.0
41.0,6986.0,10.0,5135.0,38.0
41.0,6310.0,4.0,2010.0,39.0
42.0,6507.0,12.0,5022.0,41.0
35.0,8444.0,11.0,4270.0,40.0
44.0,5743.0,12.0,3034.0,39.0
40.0,7813.0,22.0,3140.0,33.0
43.0,6721.0,4.0,5341.0,32.0
36.0,6720.0,15.0,3244.0,37.0
34.0,7790.0,9.0,3077.0,40.0
43.0,7340.0,11.0,4910.0,34.0
42.0,7571.0,10.0,4271.0,40.0
36.0,7968.0,9.0,3250.0,42.0
37.0,6669.0,8.0,4173.0,30.0
45.0,6388.0,11.0,3179.0,31.0
35.0,5915.0,5.0,4881.0,34.0
47.0,6175.0,12.0,4849.0,37.0
36.0,9949.0,9.0,4426.0,32.0
43.0,8245.0,7.0,4289.0,42.0
39.0,5649.0,9.0,5409.0,37.0
42.0,5678.0,14.0,4000.0,35.0
38.0,7482.0,8.0,3055.0,28.0
39.0,7547.0,11.0,4360.0,28.0
40.0,7549.0,8.0,5669.0,36.0
36.0,6745.0,12.0,3188.0,24.0
43.0,6875.0,12.0,3711.0,40.0
38.0,7328.0,16.0,4333.0,34.0
39.0,7086.0,9.0,3957.0,51.0
36.0,4781.0,12.0,3214.0,47.0
30.0,6770.0,10.0,4897.0,34.0
39.0,6149.0,14.0,5856.0,34.0
50.0,7175.0,8.0,4157.0,40.0
43.0,9985.0,12.0,3277.0,44.0
40.0,7367.0,9.0,2761.0,27.0
39.0,6686.0,10.0,4206.0,26.0
40.0,7922.0,10.0,4883.0,32.0
42.0,7483.0,11.0,4380.0,38.0
35.0,7420.0,10.0,3998.0,37.0
44.0,7607.0,11.0,3529.0,40.0
43.0,9057.0,15.0,3126.0,29.0
43.0,5869.0,13.0,4668.0,23.0
42.0,7474.0,13.0,4731.0,39.0
40.0,6074.0,9.0,2763.0,31.0
43.0,7556.0,7.0,5272.0,25.0
42.0,6081.0,13.0,4459.0,36.0
39.0,6583.0,13.0,5120.0,39.0
38.0,6705.0,14.0,2926.0,34.0
40.0,7976.0,8.0,2907.0,33.0
46.0,7918.0,9.0,3881.0,34.0
35.0,5754.0,5.0,4402.0,33.0
34.0,7055.0,9.0,5437.0,28.0
41.0,6290.0,13.0,4565.0,31.0
40.0,5741.0,9.0,3806.0,38.0
41.0,6783.0,12.0,3179.0,37.0
41.0,6692.0,9.0,4984.0,36.0
39.0,9427.0,11.0,3228.0,30.0
46.0,7433.0,7.0,5303.0,34.0
34.0,5622.0,10.0,3772.0,24.0
37.0,6435.0,1.0,5272.0,36.0
40.0,8021.0,9.0,4543.0,42.0
33.0,9088.0,5.0,3890.0,28.0
39.0,5414.0,14.0,3584.0,32.0
47.0,5120.0,12.0,3727.0,37.0
40.0,8871.0,11.0,4343.0,41.0
41.0,7390.0,15.0,4062.0,33.0
35.0,6132.0,7.0,3525.0,32.0
38.0,7535.0,15.0,3867.0,25.0
38.0,4364.0,13.0,4063.0,36.0
39.0,7003.0,9.0,2297.0,45.0
45.0,7328.0,13.0,4367.0,36.0
42.0,7924.0,7.0,3216.0,35.0
36.0,5986.0,8.0,3077.0,37.0
41.0,7086.0,8.0,2650.0,35.0
42.0,6075.0,8.0,2565.0,31.0
45.0,7255.0,7.0,2916.0,39.0
46.0,6105.0,14.0,3433.0,36.0
36.0,6592.0,9.0,5563.0,35.0
37.0,6004.0,11.0,3579.0,30.0
35.0,7651.0,8.0,4142.0,42.0
39.0,7858.0,5.0,4320.0,38.0
42.0,6765.0,11.0,4105.0,32.0
44.0,7038.0,4.0,3938.0,40.0
40.0,5551.0,10.0,3044.0,33.0
39.0,6700.0,6.0,5161.0,31.0
41.0,6950.0,16.0,5446.0,31.0
37.0,9621.0,13.0,2654.0,26.0
48.0,5888.0,10.0,3181.0,37.0
34.0,8464.0,14.0,3776.0,26.0
41.0,7997.0,7.0,3228.0,29.0
48.0,7281.0,12.0,4405.0,25.0
40.0,8759.0,11.0,3417.0,35.0
39.0,7372.0,11.0,5732.0,34.0
39.0,7389.0,14.0,4952.0,33.0
39.0,6947.0,12.0,4170.0,30.0
45.0,8224.0,11.0,4822.0,29.0
31.0,8096.0,5.0,4885.0,37.0
46.0,6374.0,7.0,3549.0,32.0
34.0,5681.0,10.0,3347.0,37.0
39.0,6797.0,10.0,4063.0,31.0
38.0,6200.0,7.0,4689.0,36.0
42.0,6936.0,17.0,4111.0,42.0
34.0,8237.0,15.0,2738.0,38.0
42.0,6543.0,12.0,3358.0,33.0
48.0,6957.0,10.0,3941.0,36.0
35.0,7058.0,9.0,3939.0,34.0
41.0,7848.0,7.0,5578.0,35.0
37.0,4753.0,10.0,2891.0,33.0
42.0,6393.0,11.0,4404.0,34.0
40.0,7211.0,6.0,5191.0,36.0
37.0,8200.0,11.0,5817.0,30.0
42.0,6508.0,10.0,3676.0,30.0
47.0,5123.0,4.0,4393.0,28.0
39.0,7620.0,7.0,4456.0,27.0
43.0,6365.0,9.0,4156.0,29.0
35.0,5810.0,16.0,3921.0,36.0
36.0,6376.0,12.0,4349.0,31.0
42.0,6815.0,6.0,1974.0,38.0
46.0,6395.0,11.0,4546.0,35.0
41.0,4794.0,5.0,4101.0,25.0
39.0,7897.0,13.0,3822.0,38.0
40.0,8275.0,9.0,5637.0,39.0
35.0,7652.0,10.0,3460.0,30.0
42.0,5862.0,14.0,3678.0,37.0
44.0,6799.0,6.0,5593.0,31.0
38.0,6993.0,6.0,3334.0,35.0
38.0,7599.0,8.0,3560.0,29.0
41.0,7668.0,13.0,3882.0,26.0
38.0,6266.0,5.0,4673.0,33.0
40.0,7082.0,2.0,4166.0,34.0
48.0,7457.0,9.0,2966.0,33.0
39.0,8456.0,12.0,3574.0,29.0
39.0,7705.0,14.0,3514.0,33.0
37.0,7789.0,9.0,3938.0,36.0
43.0,7084.0,9.0,4341.0,35.0
39.0,8410.0,13.0,4335.0,36.0
37.0,7410.0,4.0,2579.0,32.0
45.0,6139.0,9.0,4851.0,41.0
46.0,8403.0,11.0,4202.0,29.0
38.0,7698.0,11.0,5108.0,37.0
33.0,6557.0,8.0,4355.0,41.0
44.0,6521.0,10.0,4881.0,37.0
37.0,7297.0,3.0,4373.0,34.0
43.0,7463.0,8.0,5077.0,32.0
32.0,7197.0,11.0,4418.0,40.0
44.0,7311.0,7.0,3922.0,28.0
35.0,8700.0,10.0,5818.0,30.0
43.0,8072.0,11.0,4711.0,33.0
40.0,7191.0,9.0,4459.0,41.0
36.0,7941.0,11.0,2979.0,37.0
38.0,5967.0,7.0,2969.0,30.0
43.0,7398.0,9.0,4234.0,33.0
40.0,8809.0,12.0,4116.0,32.0
42.0,6782.0,10.0,3509.0,31.0
48.0,6152.0,8.0,4113.0,40.0
34.0,6348.0,11.0,5271.0,28.0
46.0,5910.0,12.0,4556.0,43.0
40.0,6215.0,4.0,3087.0,39.0
36.0,6629.0,13.0,3911.0,40.0
35.0,5594.0,9.0,3356.0,33.0
39.0,7016.0,11.0,3690.0,34.0
44.0,7902.0,14.0,3669.0,28.0
39.0,6092.0,6.0,3618.0,32.0
46.0,8519.0,8.0,2996.0,37.0
34.0,7511.0,9.0,3898.0,41.0
40.0,8031.0,8.0,3552.0,29.0
35.0,6342.0,15.0,1656.0,33.0
41.0,7855.0,7.0,5642.0,34.0
44.0,5908.0,8.0,4871.0,28.0
38.0,7890.0,11.0,3699.0,38.0
30.0,7172.0,6.0,4015.0,31.0
41.0,7553.0,9.0,3063.0,34.0
42.0,5824.0,11.0,5357.0,33.0
42.0,6105.0,9.0,5518.0,31.0
45.0,7597.0,10.0,4125.0,35.0
36.0,6052.0,8.0,4819.0,34.0
43.0,7463.0,5.0,4140.0,33.0
45.0,5633.0,11.0,2931.0,31.0
33.0,7848.0,15.0,3671.0,37.0
41.0,5767.0,10.0,4106.0,43.0
38.0,7552.0,11.0,3636.0,36.0
40.0,7626.0,12.0,3825.0,40.0
41.0,6303.0,6.0,3927.0,28.0
38.0,7582.0,15.0,3935.0,36.0
37.0,7260.0,11.0,4042.0,30.0
40.0,6461.0,15.0,3152.0,28.0
36.0,5991.0,8.0,3426.0,31.0
36.0,5037.0,15.0,2972.0,41.0
43.0,7350.0,12.0,4782.0,40.0
35.0,5435.0,12.0,2315.0,36.0
43.0,7095.0,11.0,4923.0,27.0
42.0,6737.0,9.0,5109.0,34.0
33.0,7679.0,14.0,3758.0,37.0
37.0,6698.0,10.0,1917.0,36.0
45.0,6671.0,4.0,3711.0,26.0
36.0,7732.0,7.0,3949.0,31.0
38.0,7335.0,9.0,3192.0,35.0
42.0,7316.0,11.0,3588.0,38.0
43.0,7469.0,10.0,5224.0,24.0
39.0,5464.0,14.0,4532.0,34.0
38.0,7757.0,4.0,3260.0,36.0
46.0,7612.0,10.0,2722.0,39.0
47.0,5983.0,5.0,3738.0,38.0
44.0,6756.0,12.0,3829.0,38.0
40.0,6961.0,10.0,4397.0,31.0
37.0,6866.0,11.0,3572.0,25.0
37.0,7334.0,7.0,4409.0,33.0
42.0,8431.0,14.0,5548.0,40.0
42.0,8082.0,13.0,4652.0,42.0
46.0,5688.0,12.0,3962.0,39.0
43.0,7622.0,10.0,3853.0,37.0
34.0,8329.0,12.0,3715.0,37.0
44.0,7387.0,8.0,4945.0,32.0
36.0,8091.0,13.0,3498.0,34.0
38.0,9012.0,15.0,4036.0,43.0
41.0,8024.0,13.0,4041.0,30.0
48.0,7249.0,8.0,3599.0,43.0
52.0,8045.0,11.0,2902.0,33.0
42.0,7145.0,6.0,4258.0,42.0
39.0,7024.0,12.0,3951.0,28.0
42.0,6649.0,11.0,4400.0,38.0
44.0,8563.0,4.0,3573.0,31.0
39.0,6182.0,7.0,4977.0,28.0
47.0,8532.0,9.0,3299.0,36.0
41.0,7500.0,9.0,5370.0,40.0
42.0,5601.0,6.0,2602.0,31.0
43.0,7368.0,11.0,4348.0,28.0
42.0,4900.0,11.0,4380.0,35.0
43.0,7626.0,9.0,3364.0,35.0
38.0,7885.0,8.0,4340.0,38.0
38.0,6408.0,13.0,5024.0,40.0
36.0,7124.0,15.0,2227.0,35.0
42.0,8954.0,9.0,4402.0,44.0
43.0,6494.0,8.0,2005.0,36.0
42.0,5941.0,11.0,3227.0,33.0
47.0,8482.0,9.0,5303.0,27.0
40.0,8963.0,10.0,3535.0,34.0
43.0,7004.0,12.0,3061.0,33.0
36.0,8011.0,4.0,3842.0,40.0
38.0,8341.0,14.0,5654.0,37.0
43.0,6258.0,10.0,2535.0,29.0
43.0,6515.0,9.0,3159.0,36.0
39.0,8231.0,10.0,5198.0,38.0
40.0,8685.0,10.0,5486.0,43.0
34.0,7563.0,5.0,3917.0,39.0
39.0,6120.0,14.0,3009.0,39.0
44.0,8987.0,10.0,5677.0,35.0
42.0,6469.0,11.0,5276.0,37.0
42.0,6665.0,13.0,4543.0,41.0
40.0,7342.0,7.0,3350.0,28.0
40.0,8554.0,11.0,3961.0,33.0
37.0,7854.0,9.0,3872.0,31.0
43.0,7415.0,13.0,4265.0,37.0
42.0,7463.0,4.0,5161.0,41.0
42.0,7044.0,10.0,4704.0,32.0
38.0,7558.0,8.0,3138.0,23.0
31.0,4470.0,11.0,5101.0,33.0
44.0,6703.0,11.0,4251.0,40.0
38.0,7241.0,8.0,4550.0,38.0
37.0,5849.0,8.0,5173.0,37.0
43.0,7386.0,10.0,3111.0,34.0
38.0,6796.0,7.0,3971.0,29.0
44.0,8755.0,13.0,3575.0,38.0
42.0,8573.0,9.0,2746.0,31.0
43.0,6534.0,1.0,4277.0,46.0
35.0,6849.0,9.0,6009.0,38.0
45.0,6926.0,7.0,2528.0,32.0
41.0,6548.0,5.0,3974.0,32.0
39.0,7195.0,6.0,4512.0,35.0
41.0,6242.0,10.0,4098.0,34.0
33.0,5869.0,14.0,3909.0,41.0
42.0,7623.0,11.0,2961.0,36.0
36.0,7630.0,8.0,4186.0,31.0
35.0,6196.0,11.0,3395.0,44.0
34.0,7895.0,9.0,2248.0,35.0
44.0,6368.0,8.0,4956.0,39.0
37.0,7253.0,7.0,4767.0,32.0
46.0,7820.0,5.0,4041.0,37.0
38.0,6966.0,9.0,4183.0,37.0
33.0,7455.0,10.0,4859.0,26.0
36.0,6484.0,10.0,4179.0,45.0
45.0,6804.0,9.0,4723.0,41.0
39.0,6794.0,7.0,3762.0,33.0
38.0,6253.0,12.0,5050.0,29.0
41.0,6823.0,6.0,4257.0,37.0
42.0,5451.0,12.0,4155.0,35.0
44.0,6509.0,7.0,2984.0,37.0
46.0,6715.0,8.0,4230.0,36.0
39.0,6744.0,6.0,3334.0,38.0
35.0,6759.0,8.0,3489.0,42.0
38.0,6938.0,13.0,3348.0,38.0
41.0,7479.0,12.0,3147.0,30.0
36.0,7875.0,13.0,5700.0,42.0
36.0,6350.0,12.0,5065.0,43.0
41.0,5797.0,7.0,5536.0,51.0
40.0,5958.0,9.0,3022.0,29.0
40.0,6513.0,8.0,4057.0,36.0
37.0,6648.0,14.0,2965.0,25.0
39.0,6230.0,6.0,3443.0,38.0
36.0,5704.0,13.0,3265.0,32.0
44.0,6544.0,13.0,4992.0,45.0
44.0,7181.0,15.0,3683.0,31.0
33.0,7595.0,9.0,4855.0,27.0
36.0,6443.0,12.0,4483.0,33.0
34.0,6587.0,17.0,5843.0,25.0
37.0,6073.0,8.0,2816.0,39.0
40.0,6969.0,5.0,5007.0,25.0
34.0,6152.0,4.0,4917.0,35.0
36.0,7573.0,12.0,3221.0,25.0
36.0,5214.0,4.0,4806.0,33.0
41.0,6640.0,9.0,4269.0,43.0
40.0,7301.0,11.0,3818.0,37.0
51.0,12731.0,6.0,6669.0,39.0
55.0,13608.0,5.0,6490.0,39.0
55.0,10681.0,2.0,7149.0,39.0
57.0,12523.0,4.0,7771.0,45.0
48.0,11812.0,4.0,9382.0,42.0
58.0,13270.0,2.0,7827.0,41.0
41.0,11827.0,4.0,8160.0,34.0
52.0,11423.0,6.0,6494.0,38.0
53.0,12811.0,8.0,5974.0,44.0
58.0,13314.0,4.0,7062.0,40.0
55.0,10997.0,7.0,7107.0,43.0
48.0,11908.0,1.0,5921.0,49.0
50.0,10412.0,6.0,6825.0,45.0
56.0,8253.0,3.0,7399.0,40.0
55.0,12301.0,6.0,7360.0,37.0
52.0,12913.0,5.0,7504.0,27.0
53.0,12393.0,8.0,7291.0,39.0
58.0,9076.0,3.0,6493.0,38.0
52.0,11474.0,6.0,6486.0,42.0
55.0,8672.0,4.0,5801.0,39.0
66.0,14055.0,5.0,8785.0,38.0
48.0,10371.0,5.0,7013.0,31.0
46.0,13883.0,3.0,6775.0,35.0
59.0,13419.0,5.0,6071.0,42.0
52.0,10649.0,5.0,9936.0,49.0
53.0,10301.0,5.0,5927.0,40.0
51.0,12526.0,5.0,6571.0,42.0
54.0,10734.0,7.0,7416.0,45.0
63.0,12154.0,7.0,7600.0,36.0
59.0,11276.0,3.0,7958.0,42.0
59.0,9328.0,7.0,8808.0,36.0
48.0,8654.0,3.0,7506.0,44.0
49.0,12340.0,6.0,5944.0,41.0
41.0,11158.0,6.0,6743.0,41.0
51.0,11170.0,1.0,7308.0,36.0
60.0,13044.0,5.0,9068.0,44.0
58.0,13760.0,4.0,5602.0,50.0
54.0,11591.0,3.0,8203.0,35.0
55.0,11489.0,8.0,7180.0,38.0
52.0,12750.0,4.0,7838.0,41.0
56.0,9965.0,3.0,6898.0,44.0
59.0,12335.0,5.0,6158.0,37.0
47.0,12828.0,6.0,7751.0,26.0
56.0,13020.0,5.0,7654.0,47.0
60.0,9095.0,7.0,7972.0,44.0
53.0,10858.0,6.0,6987.0,31.0
59.0,10683.0,1.0,6400.0,37.0
69.0,12150.0,4.0,5441.0,48.0
54.0,12721.0,4.0,7819.0,47.0
57.0,14245.0,6.0,7424.0,45.0
51.0,11258.0,-0.0,6034.0,39.0
56.0,11254.0,10.0,6461.0,40.0
57.0,13725.0,6.0,6533.0,39.0
56.0,12445.0,5.0,5517.0,46.0
50.0,13901.0,7.0,6182.0,36.0
56.0,12433.0,10.0,5866.0,36.0
62.0,10264.0,7.0,6588.0,45.0
57.0,10000.0,7.0,6261.0,40.0
60.0,9673.0,5.0,5373.0,47.0
54.0,12993.0,5.0,9023.0,37.0
59.0,13783.0,4.0,8253.0,40.0
56.0,14774.0,3.0,6221.0,35.0
50.0,13265.0,4.0,7272.0,40.0
57.0,13744.0,2.0,7417.0,33.0
50.0,11130.0,5.0,8191.0,38.0
52.0,10265.0,2.0,6181.0,33.0
56.0,13275.0,5.0,8092.0,43.0
56.0,12627.0,5.0,6452.0,44.0
49.0,12161.0,5.0,5664.0,31.0
60.0,12581.0,4.0,7724.0,47.0
58.0,12485.0,11.0,8291.0,52.0
51.0,13926.0,8.0,9588.0,40.0
47.0,13942.0,3.0,5800.0,37.0
54.0,12816.0,5.0,7699.0,54.0
53.0,13269.0,4.0,6590.0,33.0
56.0,12771.0,3.0,7783.0,40.0
53.0,11308.0,2.0,5530.0,41.0
45.0,13135.0,6.0,5737.0,47.0
53.0,9908.0,4.0,6224.0,42.0
53.0,13581.0,7.0,7079.0,38.0
58.0,10208.0,7.0,6359.0,35.0
52.0,12429.0,8.0,7659.0,38.0
63.0,10732.0,3.0,8027.0,35.0
45.0,12830.0,6.0,7600.0,40.0
62.0,11949.0,6.0,8619.0,37.0
54.0,9608.0,4.0,7416.0,33.0
59.0,12631.0,3.0,5783.0,46.0
55.0,11133.0,8.0,8363.0,38.0
61.0,13322.0,5.0,6395.0,34.0
53.0,12002.0,6.0,7910.0,39.0
50.0,12593.0,3.0,8574.0,40.0
62.0,10564.0,3.0,7457.0,31.0
54.0,11116.0,4.0,5504.0,42.0
56.0,11312.0,5.0,6082.0,35.0
61.0,13285.0,3.0,8323.0,49.0
50.0,14516.0,5.0,6831.0,43.0
58.0,10792.0,2.0,7080.0,38.0
52.0,13615.0,3.0,7759.0,36.0
54.0,8745.0,6.0,7696.0,39.0
55.0,10209.0,6.0,7279.0,43.0
47.0,10562.0,4.0,6791.0,40.0
51.0,9971.0,3.0,6687.0,39.0
62.0,9625.0,3.0,7858.0,40.0
59.0,12619.0,4.0,7554.0,37.0
55.0,11679.0,6.0,6743.0,38.0
56.0,12569.0,7.0,8082.0,30.0
54.0,13036.0,4.0,6871.0,45.0
62.0,12398.0,3.0,6148.0,41.0
54.0,12987.0,6.0,6241.0,36.0
56.0,11896.0,3.0,6021.0,49.0
61.0,10220.0,4.0,6728.0,40.0
51.0,13587.0,8.0,8234.0,35.0
63.0,11116.0,7.0,6195.0,44.0
47.0,10597.0,5.0,7188.0,42.0
63.0,11733.0,2.0,6343.0,42.0
53.0,10631.0,5.0,6740.0,38.0
54.0,11374.0,7.0,5490.0,42.0
46.0,12516.0,4.0,6779.0,39.0
53.0,12523.0,8.0,6806.0,43.0
50.0,10653.0,8.0,7540.0,30.0
52.0,11268.0,8.0,7223.0,38.0
54.0,13611.0,6.0,5802.0,49.0
60.0,12745.0,6.0,8084.0,36.0
56.0,15113.0,8.0,7210.0,37.0
57.0,13770.0,6.0,7198.0,38.0
50.0,13716.0,4.0,6991.0,34.0
51.0,9918.0,4.0,6482.0,29.0
64.0,13146.0,5.0,7218.0,39.0
51.0,11920.0,2.0,7476.0,41.0
63.0,11174.0,5.0,5253.0,40.0
54.0,12252.0,7.0,6461.0,39.0
55.0,13418.0,1.0,6745.0,40.0
60.0,12751.0,8.0,7256.0,45.0
61.0,10682.0,7.0,8193.0,39.0
54.0,13114.0,4.0,6228.0,37.0
53.0,11044.0,6.0,6502.0,39.0
55.0,12325.0,5.0,6487.0,43.0
57.0,11545.0,7.0,6198.0,47.0
59.0,11672.0,7.0,6653.0,37.0
55.0,13149.0,2.0,7771.0,40.0
58.0,10440.0,6.0,5946.0,42.0
63.0,14918.0,5.0,7428.0,35.0
57.0,9268.0,5.0,5298.0,40.0
57.0,11103.0,4.0,6439.0,33.0
47.0,12555.0,8.0,6671.0,31.0
42.0,12876.0,7.0,8675.0,42.0
57.0,11849.0,4.0,6725.0,38.0
55.0,11914.0,2.0,4799.0,41.0
52.0,12616.0,4.0,5001.0,40.0
56.0,11653.0,6.0,7034.0,35.0
55.0,14090.0,5.0,7614.0,40.0
61.0,13259.0,8.0,7375.0,34.0
55.0,13309.0,7.0,7168.0,47.0
51.0,10551.0,7.0,8162.0,33.0
60.0,11881.0,6.0,6460.0,39.0
54.0,11549.0,2.0,7895.0,35.0
58.0,10492.0,5.0,5368.0,43.0
53.0,12540.0,7.0,6095.0,38.0
52.0,11194.0,5.0,5193.0,37.0
55.0,12983.0,6.0,6725.0,44.0
55.0,10395.0,4.0,6954.0,40.0
57.0,14579.0,3.0,7114.0,43.0
54.0,10656.0,5.0,7062.0,35.0
46.0,12329.0,6.0,6072.0,33.0
53.0,13188.0,4.0,6810.0,41.0
59.0,11144.0,5.0,5503.0,38.0
54.0,13279.0,3.0,8363.0,43.0
54.0,10156.0,7.0,6696.0,40.0
60.0,14178.0,4.0,6511.0,41.0
51.0,12021.0,8.0,8589.0,32.0
47.0,11105.0,8.0,5758.0,49.0
54.0,11551.0,5.0,5874.0,39.0
53.0,13213.0,3.0,5904.0,43.0
50.0,11123.0,1.0,6932.0,36.0
54.0,10876.0,2.0,7432.0,42.0
57.0,11668.0,2.0,7740.0,33.0
55.0,10235.0,8.0,9572.0,42.0
57.0,14731.0,5.0,4751.0,38.0
64.0,11150.0,6.0,7609.0,40.0
53.0,13247.0,1.0,6443.0,43.0
56.0,12314.0,3.0,6414.0,34.0
52.0,10523.0,7.0,6380.0,37.0
51.0,11991.0,6.0,6091.0,42.0
52.0,13176.0,5.0,8685.0,50.0
53.0,11718.0,6.0,7842.0,39.0
57.0,13790.0,8.0,7023.0,43.0
67.0,13532.0,5.0,8351.0,39.0
51.0,13378.0,5.0,5487.0,50.0
53.0,11311.0,5.0,5669.0,31.0
55.0,10380.0,10.0,4822.0,40.0
57.0,11080.0,1.0,6301.0,32.0
56.0,12294.0,6.0,7162.0,27.0
61.0,12819.0,5.0,7103.0,41.0
43.0,8743.0,6.0,7149.0,41.0
43.0,11988.0,4.0,5589.0,39.0
53.0,12237.0,5.0,7803.0,39.0
60.0,11584.0,6.0,7240.0,55.0
47.0,13937.0,11.0,7733.0,39.0
40.0,12633.0,7.0,5107.0,43.0
58.0,13965.0,3.0,7311.0,37.0
56.0,11676.0,4.0,5812.0,41.0
50.0,13406.0,4.0,6603.0,39.0
50.0,14453.0,1.0,7534.0,38.0
50.0,13968.0,4.0,7091.0,49.0
56.0,10362.0,6.0,6148.0,46.0
52.0,11619.0,2.0,7006.0,41.0
57.0,11482.0,7.0,5468.0,28.0
41.0,12734.0,6.0,8150.0,38.0
51.0,13030.0,4.0,6795.0,54.0
49.0,10742.0,5.0,8119.0,39.0
54.0,12102.0,8.0,6473.0,46.0
52.0,8970.0,6.0,6476.0,47.0
59.0,14163.0,5.0,6236.0,41.0
46.0,11231.0,5.0,7876.0,36.0
55.0,12084.0,5.0,6291.0,28.0
58.0,11536.0,4.0,7645.0,43.0
64.0,13719.0,1.0,6618.0,36.0
53.0,7744.0,9.0,5024.0,41.0
57.0,11975.0,5.0,6430.0,34.0
46.0,11841.0,6.0,5821.0,39.0
43.0,11320.0,5.0,7034.0,40.0
59.0,14589.0,4.0,5810.0,41.0
55.0,10669.0,5.0,7926.0,34.0
61.0,13158.0,2.0,6909.0,46.0
48.0,12534.0,10.0,6822.0,37.0
58.0,13892.0,3.0,7656.0,32.0
64.0,10999.0,3.0,7964.0,39.0
57.0,10901.0,4.0,6980.0,40.0
56.0,13644.0,8.0,6229.0,41.0
55.0,12638.0,5.0,5226.0,47.0
47.0,9683.0,3.0,6314.0,39.0
62.0,11191.0,8.0,6383.0,39.0
52.0,12580.0,6.0,7107.0,34.0
58.0,13257.0,6.0,6655.0,44.0
47.0,10981.0,6.0,7688.0,41.0
49.0,7629.0,10.0,6387.0,38.0
62.0,12785.0,9.0,6943.0,30.0
53.0,10170.0,4.0,8184.0,47.0
62.0,8974.0,8.0,7342.0,34.0
55.0,7752.0,6.0,6940.0,37.0
46.0,13221.0,6.0,6398.0,42.0
59.0,12193.0,2.0,6367.0,34.0
52.0,11662.0,5.0,6149.0,33.0
58.0,14084.0,3.0,6459.0,29.0
55.0,12956.0,7.0,7756.0,44.0
47.0,14424.0,7.0,6778.0,37.0
56.0,9911.0,1.0,5650.0,55.0
66.0,11948.0,5.0,8768.0,35.0
57.0,9575.0,7.0,7320.0,35.0
55.0,11656.0,5.0,5593.0,37.0
60.0,11627.0,6.0,6558.0,41.0
56.0,12940.0,6.0,7111.0,38.0
56.0,12068.0,6.0,8705.0,43.0
50.0,12935.0,4.0,5892.0,35.0
56.0,13055.0,3.0,7976.0,33.0
60.0,15232.0,3.0,8399.0,31.0
51.0,11527.0,6.0,6371.0,29.0
62.0,10588.0,5.0,6722.0,37.0
55.0,12369.0,5.0,5964.0,38.0
51.0,10797.0,4.0,6797.0,37.0
60.0,14223.0,4.0,6963.0,46.0
54.0,11575.0,7.0,7660.0,46.0
59.0,11152.0,4.0,8090.0,38.0
54.0,11293.0,2.0,6252.0,31.0
55.0,13078.0,6.0,5033.0,37.0
57.0,11763.0,5.0,6979.0,37.0
56.0,11037.0,5.0,7294.0,37.0
45.0,14498.0,8.0,7249.0,37.0
49.0,10716.0,5.0,6673.0,37.0
60.0,12053.0,6.0,7125.0,38.0
54.0,12978.0,3.0,8515.0,37.0
52.0,9553.0,5.0,7382.0,41.0
48.0,12720.0,6.0,6627.0,42.0
50.0,10417.0,2.0,6500.0,35.0
45.0,13234.0,5.0,6830.0,46.0
54.0,10556.0,5.0,8637.0,35.0
52.0,13039.0,5.0,6817.0,32.0
50.0,13659.0,7.0,6980.0,42.0
55.0,13292.0,6.0,6518.0,36.0
57.0,12377.0,8.0,8099.0,42.0
65.0,11653.0,3.0,8960.0,28.0
47.0,11135.0,5.0,7451.0,47.0
61.0,14207.0,5.0,7083.0,43.0
60.0,10951.0,3.0,7037.0,32.0
51.0,10444.0,7.0,4616.0,33.0
56.0,12998.0,10.0,7745.0,48.0
53.0,10806.0,5.0,7134.0,36.0
56.0,10575.0,6.0,7428.0,36.0
63.0,9835.0,5.0,6289.0,29.0
58.0,11276.0,4.0,6616.0,38.0
58.0,11876.0,1.0,6589.0,39.0
53.0,12365.0,4.0,8022.0,44.0
48.0,13427.0,2.0,6621.0,33.0
54.0,12790.0,8.0,9083.0,32.0
61.0,11714.0,5.0,7431.0,42.0
47.0,11703.0,4.0,5724.0,45.0
50.0,12765.0,7.0,6871.0,32.0
56.0,13909.0,3.0,6348.0,45.0
50.0,12189.0,3.0,4806.0,40.0
51.0,11296.0,5.0,8599.0,45.0
53.0,10511.0,7.0,7703.0,40.0
48.0,9832.0,6.0,7533.0,27.0
50.0,12999.0,5.0,7165.0,39.0
59.0,12867.0,5.0,5618.0,45.0
48.0,12866.0,6.0,6516.0,36.0
47.0,11807.0,5.0,7842.0,38.0
52.0,14110.0,3.0,5949.0,39.0
59.0,11274.0,5.0,4468.0,26.0
54.0,13433.0,3.0,6773.0,48.0
53.0,11942.0,5.0,6858.0,35.0
55.0,11087.0,4.0,7136.0,43.0
46.0,12889.0,10.0,7729.0,40.0
57.0,12614.0,5.0,7638.0,46.0
57.0,12535.0,2.0,7259.0,42.0
53.0,12122.0,5.0,8196.0,39.0
60.0,11943.0,6.0,5481.0,36.0
49.0,15583.0,8.0,7505.0,44.0
61.0,13776.0,4.0,7627.0,31.0
56.0,13084.0,2.0,5760.0,43.0
53.0,12168.0,7.0,5497.0,35.0
55.0,13511.0,2.0,6254.0,46.0
54.0,12777.0,4.0,6338.0,41.0
61.0,12039.0,4.0,7753.0,43.0
50.0,11545.0,5.0,6385.0,40.0
51.0,11879.0,6.0,6144.0,31.0
60.0,7244.0,4.0,6388.0,36.0
52.0,12316.0,4.0,8119.0,43.0
60.0,11267.0,5.0,7013.0,41.0
63.0,14389.0,5.0,6821.0,46.0
53.0,12029.0,5.0,6890.0,42.0
58.0,10217.0,6.0,8292.0,35.0
49.0,11925.0,7.0,6251.0,36.0
59.0,10431.0,6.0,8316.0,41.0
56.0,12710.0,6.0,7210.0,28.0
57.0,12436.0,2.0,6840.0,48.0
52.0,13437.0,5.0,9501.0,42.0
47.0,10814.0,6.0,5944.0,46.0
58.0,12051.0,6.0,6646.0,32.0
45.0,9952.0,4.0,5768.0,46.0
53.0,13052.0,4.0,7952.0,51.0
60.0,12778.0,4.0,8689.0,33.0
56.0,12744.0,6.0,8670.0,44.0
65.0,12002.0,7.0,8224.0,40.0
60.0,12622.0,4.0,6802.0,32.0
52.0,14407.0,7.0,6635.0,42.0
55.0,11572.0,5.0,5329.0,44.0
55.0,12208.0,5.0,9036.0,37.0
47.0,10371.0,5.0,7469.0,46.0
50.0,10698.0,6.0,6508.0,32.0
52.0,12147.0,6.0,8328.0,33.0
45.0,13656.0,10.0,6027.0,41.0
55.0,11616.0,3.0,7407.0,40.0
54.0,11646.0,6.0,6827.0,36.0
47.0,11390.0,4.0,7639.0,44.0
57.0,11198.0,3.0,6936.0,43.0
59.0,12442.0,5.0,5549.0,44.0
56.0,9754.0,5.0,7076.0,39.0
53.0,13921.0,11.0,8049.0,43.0
58.0,11002.0,5.0,6971.0,38.0
58.0,13083.0,3.0,7775.0,50.0
57.0,10095.0,6.0,5954.0,36.0
51.0,13003.0,1.0,6974.0,51.0
56.0,13008.0,5.0,6375.0,40.0
61.0,12576.0,5.0,7747.0,33.0
52.0,10508.0,7.0,7031.0,47.0
65.0,12374.0,7.0,7690.0,41.0
52.0,10225.0,4.0,8088.0,44.0
55.0,11621.0,5.0,7692.0,46.0
52.0,13544.0,3.0,7273.0,42.0
56.0,13195.0,3.0,6002.0,37.0
46.0,12023.0,6.0,6997.0,45.0
52.0,10538.0,2.0,6467.0,40.0
50.0,12968.0,4.0,6656.0,43.0
56.0,12029.0,3.0,6625.0,29.0
60.0,8520.0,6.0,6020.0,42.0
58.0,13174.0,9.0,5043.0,37.0
43.0,11964.0,2.0,6332.0,48.0
65.0,13804.0,1.0,7193.0,43.0
56.0,10357.0,5.0,5652.0,41.0
51.0,7235.0,5.0,7016.0,42.0
56.0,12419.0,5.0,8900.0,35.0
56.0,12437.0,4.0,8023.0,48.0
52.0,9464.0,5.0,8644.0,50.0
56.0,10532.0,6.0,7391.0,42.0
52.0,16133.0,7.0,8168.0,48.0
53.0,11542.0,1.0,6276.0,37.0
52.0,13096.0,4.0,6356.0,36.0
48.0,11024.0,5.0,4261.0,40.0
56.0,8865.0,3.0,8186.0,42.0
58.0,11745.0,8.0,8540.0,38.0
58.0,11602.0,4.0,6447.0,43.0
59.0,11400.0,5.0,6746.0,42.0
57.0,11828.0,6.0,6246.0,35.0
52.0,12396.0,4.0,7383.0,43.0
59.0,11775.0,1.0,8125.0,44.0
48.0,10104.0,4.0,5257.0,41.0
50.0,12729.0,7.0,7409.0,46.0
50.0,9076.0,4.0,6723.0,34.0
60.0,8924.0,3.0,7113.0,42.0
60.0,13109.0,7.0,7459.0,34.0
